﻿<?xml version="1.0" encoding="utf-8"?>
<TextureAtlas imagePath="impostorPolus.png">
	<!-- Created with Adobe Animate version 21.0.7.42652 -->
	<!-- http://www.adobe.com/products/animate.html -->
	<SubTexture name="imposter left0000" x="4460" y="1679" width="633" height="348" frameX="0" frameY="0" frameWidth="653" frameHeight="348"/>
	<SubTexture name="imposter left0001" x="4460" y="1679" width="633" height="348" frameX="0" frameY="0" frameWidth="653" frameHeight="348"/>
	<SubTexture name="imposter left0002" x="2637" y="1943" width="622" height="348" frameX="-31" frameY="0" frameWidth="653" frameHeight="348"/>
	<SubTexture name="imposter left0003" x="2637" y="1943" width="622" height="348" frameX="-31" frameY="0" frameWidth="653" frameHeight="348"/>
	<SubTexture name="imposter left0004" x="1228" y="1744" width="629" height="348" frameX="-24" frameY="0" frameWidth="653" frameHeight="348"/>
	<SubTexture name="imposter left0005" x="1228" y="1744" width="629" height="348" frameX="-24" frameY="0" frameWidth="653" frameHeight="348"/>
	<SubTexture name="imposter left0006" x="1228" y="1744" width="629" height="348" frameX="-24" frameY="0" frameWidth="653" frameHeight="348"/>
	<SubTexture name="imposter left0007" x="1228" y="1744" width="629" height="348" frameX="-24" frameY="0" frameWidth="653" frameHeight="348"/>
	<SubTexture name="imposter left0008" x="1228" y="1744" width="629" height="348" frameX="-24" frameY="0" frameWidth="653" frameHeight="348"/>
	<SubTexture name="imposter left0009" x="1228" y="1744" width="629" height="348" frameX="-24" frameY="0" frameWidth="653" frameHeight="348"/>
	<SubTexture name="impostor down0000" x="5438" y="2112" width="594" height="328" frameX="-38" frameY="-48" frameWidth="632" frameHeight="380"/>
	<SubTexture name="impostor down0001" x="5438" y="2112" width="594" height="328" frameX="-38" frameY="-48" frameWidth="632" frameHeight="380"/>
	<SubTexture name="impostor down0002" x="2003" y="1588" width="619" height="380" frameX="0" frameY="0" frameWidth="632" frameHeight="380"/>
	<SubTexture name="impostor down0003" x="2003" y="1588" width="619" height="380" frameX="0" frameY="0" frameWidth="632" frameHeight="380"/>
	<SubTexture name="impostor down0004" x="387" y="1936" width="608" height="359" frameX="-18" frameY="-18" frameWidth="632" frameHeight="380"/>
	<SubTexture name="impostor down0005" x="387" y="1936" width="608" height="359" frameX="-18" frameY="-18" frameWidth="632" frameHeight="380"/>
	<SubTexture name="impostor gf0000" x="3872" y="2182" width="358" height="528" frameX="-41" frameY="-73" frameWidth="419" frameHeight="601"/>
	<SubTexture name="impostor gf0001" x="3872" y="2182" width="358" height="528" frameX="-41" frameY="-73" frameWidth="419" frameHeight="601"/>
	<SubTexture name="impostor gf0002" x="1872" y="1983" width="410" height="510" frameX="-4" frameY="-91" frameWidth="419" frameHeight="601"/>
	<SubTexture name="impostor gf0003" x="1872" y="1983" width="410" height="510" frameX="-4" frameY="-91" frameWidth="419" frameHeight="601"/>
	<SubTexture name="impostor gf0004" x="6954" y="1982" width="419" height="503" frameX="0" frameY="-98" frameWidth="419" frameHeight="601"/>
	<SubTexture name="impostor gf0005" x="6954" y="1982" width="419" height="503" frameX="0" frameY="-98" frameWidth="419" frameHeight="601"/>
	<SubTexture name="impostor gf0006" x="6954" y="1982" width="419" height="503" frameX="0" frameY="-98" frameWidth="419" frameHeight="601"/>
	<SubTexture name="impostor gf0007" x="6954" y="1982" width="419" height="503" frameX="0" frameY="-98" frameWidth="419" frameHeight="601"/>
	<SubTexture name="impostor gf0008" x="6954" y="1982" width="419" height="503" frameX="0" frameY="-98" frameWidth="419" frameHeight="601"/>
	<SubTexture name="impostor gf0009" x="1410" y="2107" width="355" height="534" frameX="-38" frameY="-67" frameWidth="419" frameHeight="601"/>
	<SubTexture name="impostor gf0010" x="1410" y="2107" width="355" height="534" frameX="-38" frameY="-67" frameWidth="419" frameHeight="601"/>
	<SubTexture name="impostor gf0011" x="2297" y="2306" width="339" height="550" frameX="-56" frameY="-51" frameWidth="419" frameHeight="601"/>
	<SubTexture name="impostor gf0012" x="2297" y="2306" width="339" height="550" frameX="-56" frameY="-51" frameWidth="419" frameHeight="601"/>
	<SubTexture name="impostor gf0013" x="3537" y="2367" width="309" height="543" frameX="-92" frameY="-58" frameWidth="419" frameHeight="601"/>
	<SubTexture name="impostor gf0014" x="3537" y="2367" width="309" height="543" frameX="-92" frameY="-58" frameWidth="419" frameHeight="601"/>
	<SubTexture name="impostor gf0015" x="7388" y="2492" width="301" height="539" frameX="-100" frameY="-62" frameWidth="419" frameHeight="601"/>
	<SubTexture name="impostor gf0016" x="7388" y="2492" width="301" height="539" frameX="-100" frameY="-62" frameWidth="419" frameHeight="601"/>
	<SubTexture name="impostor gf0017" x="7388" y="2492" width="301" height="539" frameX="-100" frameY="-62" frameWidth="419" frameHeight="601"/>
	<SubTexture name="impostor gf0018" x="7388" y="2492" width="301" height="539" frameX="-100" frameY="-62" frameWidth="419" frameHeight="601"/>
	<SubTexture name="impostor gf0019" x="7388" y="2492" width="301" height="539" frameX="-100" frameY="-62" frameWidth="419" frameHeight="601"/>
	<SubTexture name="impostor gf0020" x="7388" y="2492" width="301" height="539" frameX="-100" frameY="-62" frameWidth="419" frameHeight="601"/>
	<SubTexture name="impostor gf0021" x="7388" y="2492" width="301" height="539" frameX="-100" frameY="-62" frameWidth="419" frameHeight="601"/>
	<SubTexture name="impostor gf0022" x="6108" y="2019" width="347" height="601" frameX="-49" frameY="0" frameWidth="419" frameHeight="601"/>
	<SubTexture name="impostor gf0023" x="6108" y="2019" width="347" height="601" frameX="-49" frameY="0" frameWidth="419" frameHeight="601"/>
	<SubTexture name="impostor gf0024" x="0" y="1744" width="372" height="587" frameX="-29" frameY="-14" frameWidth="419" frameHeight="601"/>
	<SubTexture name="impostor gf0025" x="0" y="1744" width="372" height="587" frameX="-29" frameY="-14" frameWidth="419" frameHeight="601"/>
	<SubTexture name="impostor gf0026" x="4061" y="1591" width="384" height="576" frameX="-35" frameY="-25" frameWidth="419" frameHeight="601"/>
	<SubTexture name="impostor gf0027" x="6470" y="2019" width="386" height="539" frameX="-15" frameY="-62" frameWidth="419" frameHeight="601"/>
	<SubTexture name="impostor gf0028" x="4460" y="2042" width="385" height="539" frameX="-16" frameY="-62" frameWidth="419" frameHeight="601"/>
	<SubTexture name="impostor gf0029" x="4460" y="2042" width="385" height="539" frameX="-16" frameY="-62" frameWidth="419" frameHeight="601"/>
	<SubTexture name="impostor gf0030" x="4460" y="2042" width="385" height="539" frameX="-16" frameY="-62" frameWidth="419" frameHeight="601"/>
	<SubTexture name="impostor gf0031" x="4460" y="2042" width="385" height="539" frameX="-16" frameY="-62" frameWidth="419" frameHeight="601"/>
	<SubTexture name="impostor gf0032" x="4460" y="2042" width="385" height="539" frameX="-16" frameY="-62" frameWidth="419" frameHeight="601"/>
	<SubTexture name="impostor gf0033" x="1010" y="2107" width="385" height="539" frameX="-16" frameY="-62" frameWidth="419" frameHeight="601"/>
	<SubTexture name="impostor gf0034" x="1010" y="2107" width="385" height="539" frameX="-16" frameY="-62" frameWidth="419" frameHeight="601"/>
	<SubTexture name="impostor gf0035" x="0" y="2346" width="338" height="534" frameX="-56" frameY="-67" frameWidth="419" frameHeight="601"/>
	<SubTexture name="impostor gf0036" x="0" y="2346" width="338" height="534" frameX="-56" frameY="-67" frameWidth="419" frameHeight="601"/>
	<SubTexture name="impostor gf0037" x="387" y="2310" width="345" height="534" frameX="-48" frameY="-67" frameWidth="419" frameHeight="601"/>
	<SubTexture name="impostor gf0038" x="387" y="2310" width="345" height="534" frameX="-48" frameY="-67" frameWidth="419" frameHeight="601"/>
	<SubTexture name="impostor gf0039" x="2651" y="2306" width="348" height="534" frameX="-45" frameY="-67" frameWidth="419" frameHeight="601"/>
	<SubTexture name="impostor gf0040" x="2651" y="2306" width="348" height="534" frameX="-45" frameY="-67" frameWidth="419" frameHeight="601"/>
	<SubTexture name="impostor gf0041" x="2651" y="2306" width="348" height="534" frameX="-45" frameY="-67" frameWidth="419" frameHeight="601"/>
	<SubTexture name="impostor gf0042" x="2651" y="2306" width="348" height="534" frameX="-45" frameY="-67" frameWidth="419" frameHeight="601"/>
	<SubTexture name="impostor gf0043" x="2651" y="2306" width="348" height="534" frameX="-45" frameY="-67" frameWidth="419" frameHeight="601"/>
	<SubTexture name="impostor gf0044" x="2651" y="2306" width="348" height="534" frameX="-45" frameY="-67" frameWidth="419" frameHeight="601"/>
	<SubTexture name="impostor gf0045" x="2651" y="2306" width="348" height="534" frameX="-45" frameY="-67" frameWidth="419" frameHeight="601"/>
	<SubTexture name="impostor gf0046" x="2651" y="2306" width="348" height="534" frameX="-45" frameY="-67" frameWidth="419" frameHeight="601"/>
	<SubTexture name="impostor gf0047" x="2651" y="2306" width="348" height="534" frameX="-45" frameY="-67" frameWidth="419" frameHeight="601"/>
	<SubTexture name="impostor gf0048" x="2651" y="2306" width="348" height="534" frameX="-45" frameY="-67" frameWidth="419" frameHeight="601"/>
	<SubTexture name="impostor gf0049" x="2651" y="2306" width="348" height="534" frameX="-45" frameY="-67" frameWidth="419" frameHeight="601"/>
	<SubTexture name="impostor gf0050" x="2651" y="2306" width="348" height="534" frameX="-45" frameY="-67" frameWidth="419" frameHeight="601"/>
	<SubTexture name="impostor gf0051" x="2651" y="2306" width="348" height="534" frameX="-45" frameY="-67" frameWidth="419" frameHeight="601"/>
	<SubTexture name="impostor gf0052" x="2651" y="2306" width="348" height="534" frameX="-45" frameY="-67" frameWidth="419" frameHeight="601"/>
	<SubTexture name="impostor gf0053" x="2651" y="2306" width="348" height="534" frameX="-45" frameY="-67" frameWidth="419" frameHeight="601"/>
	<SubTexture name="impostor gf0054" x="2651" y="2306" width="348" height="534" frameX="-45" frameY="-67" frameWidth="419" frameHeight="601"/>
	<SubTexture name="impostor gf0055" x="2651" y="2306" width="348" height="534" frameX="-45" frameY="-67" frameWidth="419" frameHeight="601"/>
	<SubTexture name="impostor idle0000" x="3334" y="1598" width="712" height="323" frameX="0" frameY="-33" frameWidth="714" frameHeight="413"/>
	<SubTexture name="impostor idle0001" x="3334" y="1598" width="712" height="323" frameX="0" frameY="-33" frameWidth="714" frameHeight="413"/>
	<SubTexture name="impostor idle0002" x="500" y="1598" width="713" height="323" frameX="-1" frameY="-32" frameWidth="714" frameHeight="413"/>
	<SubTexture name="impostor idle0003" x="500" y="1598" width="713" height="323" frameX="-1" frameY="-32" frameWidth="714" frameHeight="413"/>
	<SubTexture name="impostor idle0004" x="2637" y="1588" width="682" height="340" frameX="-4" frameY="-16" frameWidth="714" frameHeight="413"/>
	<SubTexture name="impostor idle0005" x="2637" y="1588" width="682" height="340" frameX="-4" frameY="-16" frameWidth="714" frameHeight="413"/>
	<SubTexture name="impostor idle0006" x="6680" y="535" width="618" height="413" frameX="-15" frameY="0" frameWidth="714" frameHeight="413"/>
	<SubTexture name="impostor idle0007" x="6680" y="535" width="618" height="413" frameX="-15" frameY="0" frameWidth="714" frameHeight="413"/>
	<SubTexture name="impostor idle0008" x="6954" y="1583" width="634" height="384" frameX="-7" frameY="-4" frameWidth="714" frameHeight="413"/>
	<SubTexture name="impostor idle0009" x="6954" y="1583" width="634" height="384" frameX="-7" frameY="-4" frameWidth="714" frameHeight="413"/>
	<SubTexture name="impostor kill0000" x="535" y="0" width="662" height="527" frameX="0" frameY="-146" frameWidth="672" frameHeight="673"/>
	<SubTexture name="impostor kill0001" x="535" y="0" width="662" height="527" frameX="0" frameY="-146" frameWidth="672" frameHeight="673"/>
	<SubTexture name="impostor kill0002" x="2418" y="0" width="664" height="517" frameX="-1" frameY="-156" frameWidth="672" frameHeight="673"/>
	<SubTexture name="impostor kill0003" x="2418" y="0" width="664" height="517" frameX="-1" frameY="-156" frameWidth="672" frameHeight="673"/>
	<SubTexture name="impostor kill0004" x="3097" y="0" width="660" height="513" frameX="-6" frameY="-160" frameWidth="672" frameHeight="673"/>
	<SubTexture name="impostor kill0005" x="3097" y="0" width="660" height="513" frameX="-6" frameY="-160" frameWidth="672" frameHeight="673"/>
	<SubTexture name="impostor kill0006" x="3097" y="0" width="660" height="513" frameX="-6" frameY="-160" frameWidth="672" frameHeight="673"/>
	<SubTexture name="impostor kill0007" x="3097" y="0" width="660" height="513" frameX="-6" frameY="-160" frameWidth="672" frameHeight="673"/>
	<SubTexture name="impostor kill0008" x="3097" y="0" width="660" height="513" frameX="-6" frameY="-160" frameWidth="672" frameHeight="673"/>
	<SubTexture name="impostor kill0009" x="3097" y="0" width="660" height="513" frameX="-6" frameY="-160" frameWidth="672" frameHeight="673"/>
	<SubTexture name="impostor kill0010" x="3097" y="0" width="660" height="513" frameX="-6" frameY="-160" frameWidth="672" frameHeight="673"/>
	<SubTexture name="impostor kill0011" x="3097" y="0" width="660" height="513" frameX="-6" frameY="-160" frameWidth="672" frameHeight="673"/>
	<SubTexture name="impostor kill0012" x="3097" y="0" width="660" height="513" frameX="-6" frameY="-160" frameWidth="672" frameHeight="673"/>
	<SubTexture name="impostor kill0013" x="3097" y="0" width="660" height="513" frameX="-6" frameY="-160" frameWidth="672" frameHeight="673"/>
	<SubTexture name="impostor kill0014" x="5618" y="0" width="631" height="513" frameX="-36" frameY="-160" frameWidth="672" frameHeight="673"/>
	<SubTexture name="impostor kill0015" x="5618" y="0" width="631" height="513" frameX="-36" frameY="-160" frameWidth="672" frameHeight="673"/>
	<SubTexture name="impostor kill0016" x="6264" y="0" width="569" height="513" frameX="-95" frameY="-160" frameWidth="672" frameHeight="673"/>
	<SubTexture name="impostor kill0017" x="6264" y="0" width="569" height="513" frameX="-95" frameY="-160" frameWidth="672" frameHeight="673"/>
	<SubTexture name="impostor kill0018" x="7413" y="0" width="550" height="513" frameX="-113" frameY="-160" frameWidth="672" frameHeight="673"/>
	<SubTexture name="impostor kill0019" x="7413" y="0" width="550" height="513" frameX="-113" frameY="-160" frameWidth="672" frameHeight="673"/>
	<SubTexture name="impostor kill0020" x="6150" y="528" width="515" height="513" frameX="-147" frameY="-160" frameWidth="672" frameHeight="673"/>
	<SubTexture name="impostor kill0021" x="6150" y="528" width="515" height="513" frameX="-147" frameY="-160" frameWidth="672" frameHeight="673"/>
	<SubTexture name="impostor kill0022" x="1046" y="542" width="486" height="513" frameX="-176" frameY="-160" frameWidth="672" frameHeight="673"/>
	<SubTexture name="impostor kill0023" x="1046" y="542" width="486" height="513" frameX="-176" frameY="-160" frameWidth="672" frameHeight="673"/>
	<SubTexture name="impostor kill0024" x="3628" y="542" width="486" height="513" frameX="-176" frameY="-160" frameWidth="672" frameHeight="673"/>
	<SubTexture name="impostor kill0025" x="3628" y="542" width="486" height="513" frameX="-176" frameY="-160" frameWidth="672" frameHeight="673"/>
	<SubTexture name="impostor kill0026" x="4951" y="623" width="486" height="513" frameX="-176" frameY="-160" frameWidth="672" frameHeight="673"/>
	<SubTexture name="impostor kill0027" x="4951" y="623" width="486" height="513" frameX="-176" frameY="-160" frameWidth="672" frameHeight="673"/>
	<SubTexture name="impostor kill0028" x="5627" y="1584" width="466" height="513" frameX="-176" frameY="-160" frameWidth="672" frameHeight="673"/>
	<SubTexture name="impostor kill0029" x="5627" y="1584" width="466" height="513" frameX="-176" frameY="-160" frameWidth="672" frameHeight="673"/>
	<SubTexture name="impostor kill0030" x="7603" y="1583" width="469" height="513" frameX="-176" frameY="-160" frameWidth="672" frameHeight="673"/>
	<SubTexture name="impostor kill0031" x="7603" y="1583" width="469" height="513" frameX="-176" frameY="-160" frameWidth="672" frameHeight="673"/>
	<SubTexture name="impostor kill0032" x="0" y="1216" width="485" height="513" frameX="-176" frameY="-160" frameWidth="672" frameHeight="673"/>
	<SubTexture name="impostor kill0033" x="0" y="688" width="486" height="513" frameX="-176" frameY="-160" frameWidth="672" frameHeight="673"/>
	<SubTexture name="impostor kill0034" x="1547" y="688" width="486" height="513" frameX="-176" frameY="-160" frameWidth="672" frameHeight="673"/>
	<SubTexture name="impostor kill0035" x="6680" y="963" width="486" height="513" frameX="-176" frameY="-160" frameWidth="672" frameHeight="673"/>
	<SubTexture name="impostor kill0036" x="5452" y="1055" width="486" height="513" frameX="-176" frameY="-160" frameWidth="672" frameHeight="673"/>
	<SubTexture name="impostor kill0037" x="5452" y="1055" width="486" height="513" frameX="-176" frameY="-160" frameWidth="672" frameHeight="673"/>
	<SubTexture name="impostor kill0038" x="7181" y="1055" width="486" height="513" frameX="-176" frameY="-160" frameWidth="672" frameHeight="673"/>
	<SubTexture name="impostor kill0039" x="7181" y="1055" width="486" height="513" frameX="-176" frameY="-160" frameWidth="672" frameHeight="673"/>
	<SubTexture name="impostor kill0040" x="7682" y="1055" width="486" height="513" frameX="-176" frameY="-160" frameWidth="672" frameHeight="673"/>
	<SubTexture name="impostor kill0041" x="7682" y="1055" width="486" height="513" frameX="-176" frameY="-160" frameWidth="672" frameHeight="673"/>
	<SubTexture name="impostor kill0042" x="5953" y="1056" width="486" height="513" frameX="-176" frameY="-160" frameWidth="672" frameHeight="673"/>
	<SubTexture name="impostor kill0043" x="5953" y="1056" width="486" height="513" frameX="-176" frameY="-160" frameWidth="672" frameHeight="673"/>
	<SubTexture name="impostor kill0044" x="2048" y="1060" width="486" height="513" frameX="-176" frameY="-160" frameWidth="672" frameHeight="673"/>
	<SubTexture name="impostor kill0045" x="2549" y="1060" width="486" height="513" frameX="-176" frameY="-160" frameWidth="672" frameHeight="673"/>
	<SubTexture name="impostor kill0046" x="3050" y="1060" width="486" height="513" frameX="-176" frameY="-160" frameWidth="672" frameHeight="673"/>
	<SubTexture name="impostor kill0047" x="3050" y="1060" width="486" height="513" frameX="-176" frameY="-160" frameWidth="672" frameHeight="673"/>
	<SubTexture name="impostor kill0048" x="3050" y="1060" width="486" height="513" frameX="-176" frameY="-160" frameWidth="672" frameHeight="673"/>
	<SubTexture name="impostor kill0049" x="3050" y="1060" width="486" height="513" frameX="-176" frameY="-160" frameWidth="672" frameHeight="673"/>
	<SubTexture name="impostor kill0050" x="4129" y="1063" width="486" height="513" frameX="-176" frameY="-160" frameWidth="672" frameHeight="673"/>
	<SubTexture name="impostor kill0051" x="501" y="1070" width="486" height="513" frameX="-176" frameY="-160" frameWidth="672" frameHeight="673"/>
	<SubTexture name="impostor kill0052" x="1002" y="1070" width="486" height="513" frameX="-176" frameY="-160" frameWidth="672" frameHeight="673"/>
	<SubTexture name="impostor kill0053" x="1002" y="1070" width="486" height="513" frameX="-176" frameY="-160" frameWidth="672" frameHeight="673"/>
	<SubTexture name="impostor kill0054" x="3551" y="1070" width="486" height="513" frameX="-176" frameY="-160" frameWidth="672" frameHeight="673"/>
	<SubTexture name="impostor kill0055" x="3551" y="1070" width="486" height="513" frameX="-176" frameY="-160" frameWidth="672" frameHeight="673"/>
	<SubTexture name="impostor kill0056" x="4630" y="1151" width="486" height="513" frameX="-176" frameY="-160" frameWidth="672" frameHeight="673"/>
	<SubTexture name="impostor kill0057" x="4630" y="1151" width="486" height="513" frameX="-176" frameY="-160" frameWidth="672" frameHeight="673"/>
	<SubTexture name="impostor kill0058" x="535" y="542" width="496" height="513" frameX="-176" frameY="-160" frameWidth="672" frameHeight="673"/>
	<SubTexture name="impostor kill0059" x="5131" y="1583" width="481" height="513" frameX="-176" frameY="-160" frameWidth="672" frameHeight="673"/>
	<SubTexture name="impostor kill0060" x="1503" y="1216" width="485" height="513" frameX="-176" frameY="-160" frameWidth="672" frameHeight="673"/>
	<SubTexture name="impostor kill0061" x="6454" y="1491" width="485" height="513" frameX="-176" frameY="-160" frameWidth="672" frameHeight="673"/>
	<SubTexture name="impostor kill0062" x="6454" y="1491" width="485" height="513" frameX="-176" frameY="-160" frameWidth="672" frameHeight="673"/>
	<SubTexture name="impostor kill0063" x="6454" y="1491" width="485" height="513" frameX="-176" frameY="-160" frameWidth="672" frameHeight="673"/>
	<SubTexture name="impostor kill0064" x="6454" y="1491" width="485" height="513" frameX="-176" frameY="-160" frameWidth="672" frameHeight="673"/>
	<SubTexture name="impostor kill0065" x="6454" y="1491" width="485" height="513" frameX="-176" frameY="-160" frameWidth="672" frameHeight="673"/>
	<SubTexture name="impostor kill0066" x="6454" y="1491" width="485" height="513" frameX="-176" frameY="-160" frameWidth="672" frameHeight="673"/>
	<SubTexture name="impostor kill0067" x="6454" y="1491" width="485" height="513" frameX="-176" frameY="-160" frameWidth="672" frameHeight="673"/>
	<SubTexture name="impostor kill0068" x="6454" y="1491" width="485" height="513" frameX="-176" frameY="-160" frameWidth="672" frameHeight="673"/>
	<SubTexture name="impostor kill0069" x="2418" y="532" width="510" height="513" frameX="-156" frameY="-160" frameWidth="672" frameHeight="673"/>
	<SubTexture name="impostor kill0070" x="2418" y="532" width="510" height="513" frameX="-156" frameY="-160" frameWidth="672" frameHeight="673"/>
	<SubTexture name="impostor kill0071" x="5069" y="0" width="534" height="608" frameX="-80" frameY="-65" frameWidth="672" frameHeight="673"/>
	<SubTexture name="impostor kill0072" x="5069" y="0" width="534" height="608" frameX="-80" frameY="-65" frameWidth="672" frameHeight="673"/>
	<SubTexture name="impostor kill0073" x="0" y="0" width="520" height="673" frameX="-92" frameY="0" frameWidth="672" frameHeight="673"/>
	<SubTexture name="impostor kill0074" x="1889" y="0" width="514" height="673" frameX="-98" frameY="0" frameWidth="672" frameHeight="673"/>
	<SubTexture name="impostor kill0075" x="4429" y="535" width="507" height="513" frameX="-105" frameY="-160" frameWidth="672" frameHeight="673"/>
	<SubTexture name="impostor kill0076" x="4429" y="535" width="507" height="513" frameX="-105" frameY="-160" frameWidth="672" frameHeight="673"/>
	<SubTexture name="impostor kill0077" x="4429" y="535" width="507" height="513" frameX="-105" frameY="-160" frameWidth="672" frameHeight="673"/>
	<SubTexture name="impostor kill0078" x="4429" y="535" width="507" height="513" frameX="-105" frameY="-160" frameWidth="672" frameHeight="673"/>
	<SubTexture name="impostor kill0079" x="4429" y="535" width="507" height="513" frameX="-105" frameY="-160" frameWidth="672" frameHeight="673"/>
	<SubTexture name="impostor kill0080" x="4429" y="535" width="507" height="513" frameX="-105" frameY="-160" frameWidth="672" frameHeight="673"/>
	<SubTexture name="impostor kill0081" x="4429" y="535" width="507" height="513" frameX="-105" frameY="-160" frameWidth="672" frameHeight="673"/>
	<SubTexture name="impostor kill0082" x="5618" y="528" width="517" height="512" frameX="-107" frameY="-161" frameWidth="672" frameHeight="673"/>
	<SubTexture name="impostor kill0083" x="5618" y="528" width="517" height="512" frameX="-107" frameY="-161" frameWidth="672" frameHeight="673"/>
	<SubTexture name="impostor kill0084" x="7413" y="528" width="513" height="512" frameX="-113" frameY="-161" frameWidth="672" frameHeight="673"/>
	<SubTexture name="impostor kill0085" x="7413" y="528" width="513" height="512" frameX="-113" frameY="-161" frameWidth="672" frameHeight="673"/>
	<SubTexture name="impostor kill0086" x="3097" y="528" width="516" height="517" frameX="-114" frameY="-156" frameWidth="672" frameHeight="673"/>
	<SubTexture name="impostor kill0087" x="3097" y="528" width="516" height="517" frameX="-114" frameY="-156" frameWidth="672" frameHeight="673"/>
	<SubTexture name="impostor kill0088" x="6848" y="0" width="550" height="520" frameX="-91" frameY="-153" frameWidth="672" frameHeight="673"/>
	<SubTexture name="impostor kill0089" x="6848" y="0" width="550" height="520" frameX="-91" frameY="-153" frameWidth="672" frameHeight="673"/>
	<SubTexture name="impostor kill0090" x="4429" y="0" width="625" height="520" frameX="-27" frameY="-153" frameWidth="672" frameHeight="673"/>
	<SubTexture name="impostor kill0091" x="4429" y="0" width="625" height="520" frameX="-27" frameY="-153" frameWidth="672" frameHeight="673"/>
	<SubTexture name="impostor kill0092" x="3772" y="0" width="642" height="527" frameX="-18" frameY="-146" frameWidth="672" frameHeight="673"/>
	<SubTexture name="impostor kill0093" x="3772" y="0" width="642" height="527" frameX="-18" frameY="-146" frameWidth="672" frameHeight="673"/>
	<SubTexture name="impostor kill0094" x="1212" y="0" width="662" height="527" frameX="0" frameY="-146" frameWidth="672" frameHeight="673"/>
	<SubTexture name="impostor kill0095" x="1212" y="0" width="662" height="527" frameX="0" frameY="-146" frameWidth="672" frameHeight="673"/>
	<SubTexture name="impostor kill0096" x="1212" y="0" width="662" height="527" frameX="0" frameY="-146" frameWidth="672" frameHeight="673"/>
	<SubTexture name="impostor kill0097" x="1212" y="0" width="662" height="527" frameX="0" frameY="-146" frameWidth="672" frameHeight="673"/>
	<SubTexture name="impostor kill0098" x="1212" y="0" width="662" height="527" frameX="0" frameY="-146" frameWidth="672" frameHeight="673"/>
	<SubTexture name="impostor kill0099" x="1212" y="0" width="662" height="527" frameX="0" frameY="-146" frameWidth="672" frameHeight="673"/>
	<SubTexture name="impostor kill0100" x="1212" y="0" width="662" height="527" frameX="0" frameY="-146" frameWidth="672" frameHeight="673"/>
	<SubTexture name="impostor kill0101" x="1212" y="0" width="662" height="527" frameX="0" frameY="-146" frameWidth="672" frameHeight="673"/>
	<SubTexture name="impostor kill0102" x="1212" y="0" width="662" height="527" frameX="0" frameY="-146" frameWidth="672" frameHeight="673"/>
	<SubTexture name="impostor kill0103" x="1212" y="0" width="662" height="527" frameX="0" frameY="-146" frameWidth="672" frameHeight="673"/>
	<SubTexture name="impostor kill0104" x="1212" y="0" width="662" height="527" frameX="0" frameY="-146" frameWidth="672" frameHeight="673"/>
	<SubTexture name="impostor kill0105" x="1212" y="0" width="662" height="527" frameX="0" frameY="-146" frameWidth="672" frameHeight="673"/>
	<SubTexture name="impostor kill0106" x="1212" y="0" width="662" height="527" frameX="0" frameY="-146" frameWidth="672" frameHeight="673"/>
	<SubTexture name="impostor kill0107" x="1212" y="0" width="662" height="527" frameX="0" frameY="-146" frameWidth="672" frameHeight="673"/>
	<SubTexture name="impostor kill0108" x="1212" y="0" width="662" height="527" frameX="0" frameY="-146" frameWidth="672" frameHeight="673"/>
	<SubTexture name="impostor kill0109" x="1212" y="0" width="662" height="527" frameX="0" frameY="-146" frameWidth="672" frameHeight="673"/>
	<SubTexture name="impostor kill0110" x="1212" y="0" width="662" height="527" frameX="0" frameY="-146" frameWidth="672" frameHeight="673"/>
	<SubTexture name="impostor kill0111" x="1212" y="0" width="662" height="527" frameX="0" frameY="-146" frameWidth="672" frameHeight="673"/>
	<SubTexture name="impostor kill0112" x="1212" y="0" width="662" height="527" frameX="0" frameY="-146" frameWidth="672" frameHeight="673"/>
	<SubTexture name="impostor kill0113" x="1212" y="0" width="662" height="527" frameX="0" frameY="-146" frameWidth="672" frameHeight="673"/>
	<SubTexture name="impostor kill0114" x="1212" y="0" width="662" height="527" frameX="0" frameY="-146" frameWidth="672" frameHeight="673"/>
	<SubTexture name="impostor kill0115" x="1212" y="0" width="662" height="527" frameX="0" frameY="-146" frameWidth="672" frameHeight="673"/>
	<SubTexture name="impostor kill0116" x="1212" y="0" width="662" height="527" frameX="0" frameY="-146" frameWidth="672" frameHeight="673"/>
	<SubTexture name="impostor kill0117" x="1212" y="0" width="662" height="527" frameX="0" frameY="-146" frameWidth="672" frameHeight="673"/>
	<SubTexture name="impostor kill0118" x="1212" y="0" width="662" height="527" frameX="0" frameY="-146" frameWidth="672" frameHeight="673"/>
	<SubTexture name="impostor kill0119" x="1212" y="0" width="662" height="527" frameX="0" frameY="-146" frameWidth="672" frameHeight="673"/>
	<SubTexture name="impostor kill0120" x="1212" y="0" width="662" height="527" frameX="0" frameY="-146" frameWidth="672" frameHeight="673"/>
	<SubTexture name="impostor kill0121" x="1212" y="0" width="662" height="527" frameX="0" frameY="-146" frameWidth="672" frameHeight="673"/>
	<SubTexture name="impostor kill0122" x="1212" y="0" width="662" height="527" frameX="0" frameY="-146" frameWidth="672" frameHeight="673"/>
	<SubTexture name="impostor kill0123" x="1212" y="0" width="662" height="527" frameX="0" frameY="-146" frameWidth="672" frameHeight="673"/>
	<SubTexture name="impostor kill0124" x="1212" y="0" width="662" height="527" frameX="0" frameY="-146" frameWidth="672" frameHeight="673"/>
	<SubTexture name="impostor kill0125" x="1212" y="0" width="662" height="527" frameX="0" frameY="-146" frameWidth="672" frameHeight="673"/>
	<SubTexture name="impostor kill0126" x="1212" y="0" width="662" height="527" frameX="0" frameY="-146" frameWidth="672" frameHeight="673"/>
	<SubTexture name="impostor kill0127" x="1212" y="0" width="662" height="527" frameX="0" frameY="-146" frameWidth="672" frameHeight="673"/>
	<SubTexture name="impostor kill0128" x="1212" y="0" width="662" height="527" frameX="0" frameY="-146" frameWidth="672" frameHeight="673"/>
	<SubTexture name="impostor kill0129" x="1212" y="0" width="662" height="527" frameX="0" frameY="-146" frameWidth="672" frameHeight="673"/>
	<SubTexture name="impostor kill0130" x="1212" y="0" width="662" height="527" frameX="0" frameY="-146" frameWidth="672" frameHeight="673"/>
	<SubTexture name="impostor kill0131" x="1212" y="0" width="662" height="527" frameX="0" frameY="-146" frameWidth="672" frameHeight="673"/>
	<SubTexture name="impostor kill0132" x="1212" y="0" width="662" height="527" frameX="0" frameY="-146" frameWidth="672" frameHeight="673"/>
	<SubTexture name="impostor kill0133" x="1212" y="0" width="662" height="527" frameX="0" frameY="-146" frameWidth="672" frameHeight="673"/>
	<SubTexture name="impostor kill0134" x="1212" y="0" width="662" height="527" frameX="0" frameY="-146" frameWidth="672" frameHeight="673"/>
	<SubTexture name="impostor kill0135" x="1212" y="0" width="662" height="527" frameX="0" frameY="-146" frameWidth="672" frameHeight="673"/>
	<SubTexture name="impostor kill0136" x="1212" y="0" width="662" height="527" frameX="0" frameY="-146" frameWidth="672" frameHeight="673"/>
	<SubTexture name="impostor kill0137" x="1212" y="0" width="662" height="527" frameX="0" frameY="-146" frameWidth="672" frameHeight="673"/>
	<SubTexture name="impostor kill0138" x="1212" y="0" width="662" height="527" frameX="0" frameY="-146" frameWidth="672" frameHeight="673"/>
	<SubTexture name="impostor kill0139" x="1212" y="0" width="662" height="527" frameX="0" frameY="-146" frameWidth="672" frameHeight="673"/>
	<SubTexture name="impostor kill0140" x="1212" y="0" width="662" height="527" frameX="0" frameY="-146" frameWidth="672" frameHeight="673"/>
	<SubTexture name="impostor kill0141" x="1212" y="0" width="662" height="527" frameX="0" frameY="-146" frameWidth="672" frameHeight="673"/>
	<SubTexture name="impostor kill0142" x="1212" y="0" width="662" height="527" frameX="0" frameY="-146" frameWidth="672" frameHeight="673"/>
	<SubTexture name="impostor kill0143" x="1212" y="0" width="662" height="527" frameX="0" frameY="-146" frameWidth="672" frameHeight="673"/>
	<SubTexture name="impostor kill0144" x="1212" y="0" width="662" height="527" frameX="0" frameY="-146" frameWidth="672" frameHeight="673"/>
	<SubTexture name="impostor kill0145" x="1212" y="0" width="662" height="527" frameX="0" frameY="-146" frameWidth="672" frameHeight="673"/>
	<SubTexture name="impostor right0000" x="5438" y="2455" width="504" height="347" frameX="-43" frameY="0" frameWidth="547" frameHeight="347"/>
	<SubTexture name="impostor right0001" x="5438" y="2455" width="504" height="347" frameX="-43" frameY="0" frameWidth="547" frameHeight="347"/>
	<SubTexture name="impostor right0002" x="4860" y="2491" width="496" height="347" frameX="0" frameY="0" frameWidth="547" frameHeight="347"/>
	<SubTexture name="impostor right0003" x="4860" y="2491" width="496" height="347" frameX="0" frameY="0" frameWidth="547" frameHeight="347"/>
	<SubTexture name="impostor right0004" x="3014" y="2367" width="508" height="347" frameX="-3" frameY="0" frameWidth="547" frameHeight="347"/>
	<SubTexture name="impostor right0005" x="3014" y="2367" width="508" height="347" frameX="-3" frameY="0" frameWidth="547" frameHeight="347"/>
	<SubTexture name="impostor up20000" x="3334" y="1936" width="523" height="416" frameX="-31" frameY="0" frameWidth="563" frameHeight="416"/>
	<SubTexture name="impostor up20001" x="3334" y="1936" width="523" height="416" frameX="-31" frameY="0" frameWidth="563" frameHeight="416"/>
	<SubTexture name="impostor up20002" x="4860" y="2111" width="563" height="365" frameX="0" frameY="-51" frameWidth="563" frameHeight="416"/>
	<SubTexture name="impostor up20003" x="4860" y="2111" width="563" height="365" frameX="0" frameY="-51" frameWidth="563" frameHeight="416"/>
	<SubTexture name="impostor up20004" x="7388" y="2111" width="555" height="366" frameX="-5" frameY="-47" frameWidth="563" frameHeight="416"/>
	<SubTexture name="impostor up20005" x="7388" y="2111" width="555" height="366" frameX="-5" frameY="-47" frameWidth="563" frameHeight="416"/>
</TextureAtlas>
