﻿<?xml version="1.0" encoding="utf-8"?>
<TextureAtlas imagePath="impostor2.png">
	<!-- Created with Adobe Animate version 21.0.6.41649 -->
	<!-- http://www.adobe.com/products/animate.html -->
	<SubTexture name="imposter left0000" x="0" y="0" width="605" height="348" frameX="0" frameY="0" frameWidth="616" frameHeight="371"/>
	<SubTexture name="imposter left0001" x="0" y="0" width="605" height="348" frameX="0" frameY="0" frameWidth="616" frameHeight="371"/>
	<SubTexture name="imposter left0002" x="635" y="0" width="604" height="371" frameX="-12" frameY="0" frameWidth="616" frameHeight="371"/>
	<SubTexture name="imposter left0003" x="635" y="0" width="604" height="371" frameX="-12" frameY="0" frameWidth="616" frameHeight="371"/>
	<SubTexture name="imposter left0004" x="1269" y="0" width="607" height="348" frameX="-7" frameY="0" frameWidth="616" frameHeight="371"/>
	<SubTexture name="imposter left0005" x="1269" y="0" width="607" height="348" frameX="-7" frameY="0" frameWidth="616" frameHeight="371"/>
	<SubTexture name="imposter left0006" x="1269" y="0" width="607" height="348" frameX="-7" frameY="0" frameWidth="616" frameHeight="371"/>
	<SubTexture name="imposter left0007" x="1269" y="0" width="607" height="348" frameX="-7" frameY="0" frameWidth="616" frameHeight="371"/>
	<SubTexture name="imposter left0008" x="1269" y="0" width="607" height="348" frameX="-7" frameY="0" frameWidth="616" frameHeight="371"/>
	<SubTexture name="imposter left0009" x="1269" y="0" width="607" height="348" frameX="-7" frameY="0" frameWidth="616" frameHeight="371"/>
	<SubTexture name="impostor down0000" x="1906" y="0" width="523" height="327" frameX="-33" frameY="-23" frameWidth="556" frameHeight="352"/>
	<SubTexture name="impostor down0001" x="1906" y="0" width="523" height="327" frameX="-33" frameY="-23" frameWidth="556" frameHeight="352"/>
	<SubTexture name="impostor down0002" x="2459" y="0" width="543" height="352" frameX="0" frameY="0" frameWidth="556" frameHeight="352"/>
	<SubTexture name="impostor down0003" x="2459" y="0" width="543" height="352" frameX="0" frameY="0" frameWidth="556" frameHeight="352"/>
	<SubTexture name="impostor down0004" x="3032" y="0" width="548" height="334" frameX="-1" frameY="-18" frameWidth="556" frameHeight="352"/>
	<SubTexture name="impostor down0005" x="3032" y="0" width="548" height="334" frameX="-1" frameY="-18" frameWidth="556" frameHeight="352"/>
	<SubTexture name="impostor idle0000" x="0" y="401" width="567" height="467" frameX="-26" frameY="-3" frameWidth="645" frameHeight="489"/>
	<SubTexture name="impostor idle0001" x="0" y="401" width="567" height="467" frameX="-26" frameY="-3" frameWidth="645" frameHeight="489"/>
	<SubTexture name="impostor idle0002" x="597" y="401" width="584" height="460" frameX="-25" frameY="-9" frameWidth="645" frameHeight="489"/>
	<SubTexture name="impostor idle0003" x="597" y="401" width="584" height="460" frameX="-25" frameY="-9" frameWidth="645" frameHeight="489"/>
	<SubTexture name="impostor idle0004" x="1211" y="401" width="640" height="420" frameX="0" frameY="-32" frameWidth="645" frameHeight="489"/>
	<SubTexture name="impostor idle0005" x="1211" y="401" width="640" height="420" frameX="0" frameY="-32" frameWidth="645" frameHeight="489"/>
	<SubTexture name="impostor idle0006" x="1881" y="401" width="641" height="416" frameX="-4" frameY="-31" frameWidth="645" frameHeight="489"/>
	<SubTexture name="impostor idle0007" x="1881" y="401" width="641" height="416" frameX="-4" frameY="-31" frameWidth="645" frameHeight="489"/>
	<SubTexture name="impostor idle0008" x="2552" y="401" width="605" height="439" frameX="-22" frameY="-15" frameWidth="645" frameHeight="489"/>
	<SubTexture name="impostor idle0009" x="2552" y="401" width="605" height="439" frameX="-22" frameY="-15" frameWidth="645" frameHeight="489"/>
	<SubTexture name="impostor idle0010" x="3187" y="401" width="556" height="489" frameX="-31" frameY="0" frameWidth="645" frameHeight="489"/>
	<SubTexture name="impostor idle0011" x="3187" y="401" width="556" height="489" frameX="-31" frameY="0" frameWidth="645" frameHeight="489"/>
	<SubTexture name="impostor idle0012" x="0" y="401" width="567" height="467" frameX="-26" frameY="-3" frameWidth="645" frameHeight="489"/>
	<SubTexture name="impostor idle0013" x="0" y="401" width="567" height="467" frameX="-26" frameY="-3" frameWidth="645" frameHeight="489"/>
	<SubTexture name="impostor right0000" x="0" y="920" width="590" height="362"/>
	<SubTexture name="impostor right0001" x="0" y="920" width="590" height="362"/>
	<SubTexture name="impostor right0002" x="620" y="920" width="519" height="362" frameX="-8" frameY="0" frameWidth="590" frameHeight="362"/>
	<SubTexture name="impostor right0003" x="620" y="920" width="519" height="362" frameX="-8" frameY="0" frameWidth="590" frameHeight="362"/>
	<SubTexture name="impostor right0004" x="1169" y="920" width="536" height="362" frameX="-5" frameY="0" frameWidth="590" frameHeight="362"/>
	<SubTexture name="impostor right0005" x="1169" y="920" width="536" height="362" frameX="-5" frameY="0" frameWidth="590" frameHeight="362"/>
	<SubTexture name="impostor up20000" x="1735" y="920" width="536" height="402" frameX="-21" frameY="0" frameWidth="559" frameHeight="434"/>
	<SubTexture name="impostor up20001" x="1735" y="920" width="536" height="402" frameX="-21" frameY="0" frameWidth="559" frameHeight="434"/>
	<SubTexture name="impostor up20002" x="2301" y="920" width="559" height="385" frameX="0" frameY="-49" frameWidth="559" frameHeight="434"/>
	<SubTexture name="impostor up20003" x="2301" y="920" width="559" height="385" frameX="0" frameY="-49" frameWidth="559" frameHeight="434"/>
	<SubTexture name="impostor up20004" x="2890" y="920" width="543" height="371" frameX="-8" frameY="-37" frameWidth="559" frameHeight="434"/>
	<SubTexture name="impostor up20005" x="2890" y="920" width="543" height="371" frameX="-8" frameY="-37" frameWidth="559" frameHeight="434"/>
</TextureAtlas>
