﻿<?xml version="1.0" encoding="utf-8"?>
<TextureAtlas imagePath="parasite.png">
	<!-- Created with Adobe Animate version 21.0.6.41649 -->
	<!-- http://www.adobe.com/products/animate.html -->
	<SubTexture name="mungus idle0000" x="0" y="0" width="734" height="492" frameX="-4" frameY="0" frameWidth="765" frameHeight="561"/>
	<SubTexture name="mungus idle0001" x="764" y="0" width="735" height="492" frameX="-4" frameY="-14" frameWidth="765" frameHeight="561"/>
	<SubTexture name="mungus idle0002" x="1529" y="0" width="734" height="494" frameX="-3" frameY="-8" frameWidth="765" frameHeight="561"/>
	<SubTexture name="mungus idle0003" x="2293" y="0" width="737" height="477" frameX="0" frameY="-17" frameWidth="765" frameHeight="561"/>
	<SubTexture name="mungus idle0004" x="3060" y="0" width="737" height="520" frameX="-2" frameY="-12" frameWidth="765" frameHeight="561"/>
	<SubTexture name="mungus idle0005" x="3827" y="0" width="733" height="536" frameX="-3" frameY="-11" frameWidth="765" frameHeight="561"/>
	<SubTexture name="mungus idle0006" x="4590" y="0" width="734" height="549" frameX="-5" frameY="-12" frameWidth="765" frameHeight="561"/>
	<SubTexture name="mungus idle0007" x="5354" y="0" width="733" height="517" frameX="-3" frameY="-12" frameWidth="765" frameHeight="561"/>
	<SubTexture name="mungus idle0008" x="6117" y="0" width="731" height="492" frameX="-5" frameY="-14" frameWidth="765" frameHeight="561"/>
	<SubTexture name="mungus idle0009" x="6878" y="0" width="731" height="485" frameX="-7" frameY="-13" frameWidth="765" frameHeight="561"/>
	<SubTexture name="mungus idle0010" x="0" y="579" width="721" height="497" frameX="-13" frameY="-16" frameWidth="765" frameHeight="561"/>
	<SubTexture name="mungus idle0011" x="751" y="579" width="758" height="492" frameX="-7" frameY="-14" frameWidth="765" frameHeight="561"/>
	<SubTexture name="mungus idle0012" x="1539" y="579" width="760" height="483" frameX="-4" frameY="-14" frameWidth="765" frameHeight="561"/>
	<SubTexture name="mungus idle0013" x="2329" y="579" width="748" height="498" frameX="-8" frameY="-13" frameWidth="765" frameHeight="561"/>
	<SubTexture name="mungus idle0014" x="3107" y="579" width="751" height="520" frameX="-6" frameY="-12" frameWidth="765" frameHeight="561"/>
	<SubTexture name="mungus idle0015" x="3888" y="579" width="705" height="521" frameX="-28" frameY="-12" frameWidth="765" frameHeight="561"/>
	<SubTexture name="mungus idle0016" x="4623" y="579" width="700" height="500" frameX="-24" frameY="-8" frameWidth="765" frameHeight="561"/>
	<SubTexture name="mungus idle0017" x="5353" y="579" width="685" height="495" frameX="-23" frameY="-8" frameWidth="765" frameHeight="561"/>
	<SubTexture name="mungus idle0018" x="6068" y="579" width="732" height="487" frameX="-7" frameY="-6" frameWidth="765" frameHeight="561"/>
	<SubTexture name="mungus idle0019" x="6830" y="579" width="748" height="496" frameX="-6" frameY="-6" frameWidth="765" frameHeight="561"/>
	<SubTexture name="mungus idle0020" x="0" y="1130" width="760" height="484" frameX="0" frameY="-8" frameWidth="765" frameHeight="561"/>
	<SubTexture name="mungus idle0021" x="790" y="1130" width="735" height="501" frameX="-2" frameY="-7" frameWidth="765" frameHeight="561"/>
	<SubTexture name="paracite down0000" x="1555" y="1130" width="667" height="421" frameX="-26" frameY="-14" frameWidth="727" frameHeight="446"/>
	<SubTexture name="paracite down0001" x="2252" y="1130" width="665" height="430" frameX="-27" frameY="-16" frameWidth="727" frameHeight="446"/>
	<SubTexture name="paracite down0002" x="2947" y="1130" width="676" height="421" frameX="-27" frameY="-9" frameWidth="727" frameHeight="446"/>
	<SubTexture name="paracite down0003" x="3653" y="1130" width="704" height="412" frameX="-2" frameY="-3" frameWidth="727" frameHeight="446"/>
	<SubTexture name="paracite down0004" x="4387" y="1130" width="706" height="429" frameX="0" frameY="-2" frameWidth="727" frameHeight="446"/>
	<SubTexture name="paracite down0005" x="5123" y="1130" width="710" height="424" frameX="-7" frameY="-1" frameWidth="727" frameHeight="446"/>
	<SubTexture name="paracite down0006" x="5863" y="1130" width="705" height="415" frameX="-22" frameY="-2" frameWidth="727" frameHeight="446"/>
	<SubTexture name="paracite down0007" x="6598" y="1130" width="689" height="430" frameX="-25" frameY="0" frameWidth="727" frameHeight="446"/>
	<SubTexture name="paracite down0008" x="7317" y="1130" width="688" height="423" frameX="-24" frameY="-2" frameWidth="727" frameHeight="446"/>
	<SubTexture name="paracite down0009" x="0" y="1661" width="688" height="410" frameX="-23" frameY="-7" frameWidth="727" frameHeight="446"/>
	<SubTexture name="parasite left0000" x="718" y="1661" width="778" height="555" frameX="-2" frameY="-1" frameWidth="794" frameHeight="585"/>
	<SubTexture name="parasite left0001" x="1526" y="1661" width="782" height="572" frameX="0" frameY="0" frameWidth="794" frameHeight="585"/>
	<SubTexture name="parasite left0002" x="2338" y="1661" width="727" height="538" frameX="-42" frameY="-17" frameWidth="794" frameHeight="585"/>
	<SubTexture name="parasite left0003" x="3095" y="1661" width="752" height="522" frameX="-23" frameY="-21" frameWidth="794" frameHeight="585"/>
	<SubTexture name="parasite left0004" x="3877" y="1661" width="767" height="539" frameX="-26" frameY="-19" frameWidth="794" frameHeight="585"/>
	<SubTexture name="parasite left0005" x="4674" y="1661" width="771" height="530" frameX="-23" frameY="-23" frameWidth="794" frameHeight="585"/>
	<SubTexture name="parasite left0006" x="5475" y="1661" width="751" height="522" frameX="-24" frameY="-21" frameWidth="794" frameHeight="585"/>
	<SubTexture name="parasite left0007" x="6256" y="1661" width="741" height="529" frameX="-29" frameY="-27" frameWidth="794" frameHeight="585"/>
	<SubTexture name="parasite left0008" x="7027" y="1661" width="723" height="559" frameX="-49" frameY="-26" frameWidth="794" frameHeight="585"/>
	<SubTexture name="parasite left0009" x="0" y="2263" width="708" height="564" frameX="-67" frameY="-21" frameWidth="794" frameHeight="585"/>
	<SubTexture name="parasite right new0000" x="738" y="2263" width="794" height="607" frameX="-15" frameY="0" frameWidth="841" frameHeight="607"/>
	<SubTexture name="parasite right new0001" x="1562" y="2263" width="763" height="537" frameX="-34" frameY="-47" frameWidth="841" frameHeight="607"/>
	<SubTexture name="parasite right new0002" x="2355" y="2263" width="832" height="403" frameX="-9" frameY="-97" frameWidth="841" frameHeight="607"/>
	<SubTexture name="parasite right new0003" x="3217" y="2263" width="813" height="439" frameX="0" frameY="-71" frameWidth="841" frameHeight="607"/>
	<SubTexture name="parasite right new0004" x="4060" y="2263" width="753" height="441" frameX="0" frameY="-71" frameWidth="841" frameHeight="607"/>
	<SubTexture name="parasite right new0005" x="4843" y="2263" width="746" height="510" frameX="-10" frameY="-71" frameWidth="841" frameHeight="607"/>
	<SubTexture name="parasite right new0006" x="5619" y="2263" width="779" height="517" frameX="0" frameY="-75" frameWidth="841" frameHeight="607"/>
	<SubTexture name="parasite right new0007" x="6428" y="2263" width="769" height="511" frameX="-6" frameY="-79" frameWidth="841" frameHeight="607"/>
	<SubTexture name="parasite right new0008" x="7227" y="2263" width="767" height="522" frameX="-2" frameY="-74" frameWidth="841" frameHeight="607"/>
	<SubTexture name="parasite right new0009" x="0" y="2900" width="779" height="515" frameX="0" frameY="-79" frameWidth="841" frameHeight="607"/>
	<SubTexture name="parasite up new0000" x="809" y="2900" width="771" height="648" frameX="-9" frameY="0" frameWidth="810" frameHeight="660"/>
	<SubTexture name="parasite up new0001" x="1610" y="2900" width="771" height="559" frameX="-9" frameY="-92" frameWidth="810" frameHeight="660"/>
	<SubTexture name="parasite up new0002" x="2411" y="2900" width="810" height="480" frameX="0" frameY="-167" frameWidth="810" frameHeight="660"/>
	<SubTexture name="parasite up new0003" x="3251" y="2900" width="794" height="462" frameX="-4" frameY="-178" frameWidth="810" frameHeight="660"/>
	<SubTexture name="parasite up new0004" x="4075" y="2900" width="744" height="463" frameX="-20" frameY="-189" frameWidth="810" frameHeight="660"/>
	<SubTexture name="parasite up new0005" x="4849" y="2900" width="672" height="458" frameX="-64" frameY="-189" frameWidth="810" frameHeight="660"/>
	<SubTexture name="parasite up new0006" x="5551" y="2900" width="730" height="451" frameX="-24" frameY="-189" frameWidth="810" frameHeight="660"/>
	<SubTexture name="parasite up new0007" x="6311" y="2900" width="762" height="487" frameX="-9" frameY="-165" frameWidth="810" frameHeight="660"/>
	<SubTexture name="parasite up new0008" x="7103" y="2900" width="760" height="498" frameX="-10" frameY="-162" frameWidth="810" frameHeight="660"/>
	<SubTexture name="parasite up new0009" x="0" y="3578" width="765" height="478" frameX="-20" frameY="-162" frameWidth="810" frameHeight="660"/>
</TextureAtlas>
