{
	"animations": [
		{
			"loop": false,
			"offsets": [
				2,
				0
			],
			"anim": "idle",
			"fps": 24,
			"name": "impostor idle",
			"indices": []
		},
		{
			"loop": false,
			"offsets": [
				243,
				93
			],
			"anim": "singUP",
			"fps": 24,
			"name": "impostor up",
			"indices": []
		},
		{
			"loop": false,
			"offsets": [
				121,
				25
			],
			"anim": "singLEFT",
			"fps": 24,
			"name": "imposter left",
			"indices": []
		},
		{
			"loop": false,
			"offsets": [
				-29,
				-21
			],
			"anim": "singDOWN",
			"fps": 24,
			"name": "impostor down",
			"indices": []
		},
		{
			"loop": false,
			"offsets": [
				-31,
				-13
			],
			"anim": "singRIGHT",
			"fps": 25,
			"name": "impostor right",
			"indices": []
		}
	],
	"no_antialiasing": true,
	"image": "characters/impostor3",
	"position": [
		-100,
		400
	],
	"healthicon": "impostor3",
	"flip_x": false,
	"healthbar_colors": [
		40,
		144,
		46
	],
	"camera_position": [
		-50,
		-50
	],
	"sing_duration": 4,
	"scale": 1
}