{
	"animations": [
		{
			"loop": false,
			"offsets": [
				2,
				0
			],
			"anim": "idle",
			"fps": 24,
			"name": "impostor idle",
			"indices": []
		},
		{
			"loop": false,
			"offsets": [
				-16,
				51
			],
			"anim": "singUP",
			"fps": 24,
			"name": "impostor up",
			"indices": []
		},
		{
			"loop": false,
			"offsets": [
				176,
				14
			],
			"anim": "singLEFT",
			"fps": 24,
			"name": "imposter left",
			"indices": []
		},
		{
			"loop": false,
			"offsets": [
				-11,
				4
			],
			"anim": "singDOWN",
			"fps": 24,
			"name": "impostor down",
			"indices": []
		},
		{
			"loop": false,
			"offsets": [
				20,
				24
			],
			"anim": "singRIGHT",
			"fps": 25,
			"name": "impostor right",
			"indices": []
		}
	],
	"no_antialiasing": true,
	"image": "characters/impostor2",
	"position": [
		-100,
		400
	],
	"healthicon": "impostorsImpostor",
	"flip_x": false,
	"healthbar_colors": [
		255,
		40,
		60
	],
	"camera_position": [
		-50,
		-50
	],
	"sing_duration": 4,
	"scale": 1
}