{
	"animations": [
		{
			"offsets": [
				2,
				0
			],
			"loop": true,
			"fps": 24,
			"anim": "idle",
			"indices": [],
			"name": "mungus idle"
		},
		{
			"offsets": [
				0,
				210
			],
			"loop": false,
			"fps": 24,
			"anim": "singUP",
			"indices": [],
			"name": "parasite up new"
		},
		{
			"offsets": [
				65,
				60
			],
			"loop": false,
			"fps": 24,
			"anim": "singLEFT",
			"indices": [],
			"name": "parasite left"
		},
		{
			"offsets": [
				-20,
				-107
			],
			"loop": false,
			"fps": 24,
			"anim": "singDOWN",
			"indices": [],
			"name": "paracite down"
		},
		{
			"offsets": [
				0,
				-10
			],
			"loop": false,
			"fps": 25,
			"anim": "singRIGHT",
			"indices": [],
			"name": "parasite right new"
		}
	],
	"no_antialiasing": true,
	"image": "characters/parasite",
	"position": [
		-100,
		400
	],
	"healthicon": "impostorsParasite",
	"flip_x": false,
	"healthbar_colors": [
		40,
		144,
		46
	],
	"camera_position": [
		-200,
		-140
	],
	"sing_duration": 4,
	"scale": 1.5
}