{
	"animations": [
		{
			"offsets": [
				2,
				0
			],
			"loop": false,
			"fps": 24,
			"anim": "idle",
			"indices": [],
			"name": "impostor idle"
		},
		{
			"offsets": [
				-36,
				66
			],
			"loop": false,
			"fps": 24,
			"anim": "singUP",
			"indices": [],
			"name": "impostor up"
		},
		{
			"offsets": [
				135,
				6
			],
			"loop": false,
			"fps": 24,
			"anim": "singLEFT",
			"indices": [],
			"name": "imposter left"
		},
		{
			"offsets": [
				-9,
				-4
			],
			"loop": false,
			"fps": 24,
			"anim": "singDOWN",
			"indices": [],
			"name": "impostor down"
		},
		{
			"offsets": [
				-85,
				5
			],
			"loop": false,
			"fps": 25,
			"anim": "singRIGHT",
			"indices": [],
			"name": "impostor right"
		},
		{
			"offsets": [
				0,
				0
			],
			"loop": false,
			"fps": 24,
			"anim": "gf",
			"indices": [],
			"name": "impostor gf"
		},
		{
			"offsets": [
				0,
				0
			],
			"loop": false,
			"fps": 24,
			"anim": "kill",
			"indices": [],
			"name": "impostor kill"
		}
	],
	"no_antialiasing": true,
	"image": "characters/impostorPolus",
	"position": [
		-100,
		400
	],
	"healthicon": "impostor",
	"flip_x": false,
	"healthbar_colors": [
		255,
		40,
		60
	],
	"camera_position": [
		-50,
		-50
	],
	"sing_duration": 4,
	"scale": 1
}