﻿<?xml version="1.0" encoding="utf-8"?>
<TextureAtlas imagePath="greenImpostor.png">
	<!-- Created with Adobe Animate version 21.0.7.42652 -->
	<!-- http://www.adobe.com/products/animate.html -->
	<SubTexture name="green cremation reveal0000" x="2455" y="1245" width="245" height="286"/>
	<SubTexture name="green cremation reveal0001" x="1625" y="1246" width="245" height="286"/>
	<SubTexture name="green cremation reveal0002" x="2715" y="1252" width="245" height="286"/>
	<SubTexture name="green cremation reveal0003" x="1885" y="1253" width="245" height="286"/>
	<SubTexture name="green cremation reveal0004" x="1042" y="1255" width="245" height="286"/>
	<SubTexture name="green cremation reveal0005" x="1302" y="1255" width="245" height="286"/>
	<SubTexture name="green cremation reveal0006" x="262" y="1256" width="245" height="286"/>
	<SubTexture name="green cremation reveal0007" x="522" y="1256" width="245" height="286"/>
	<SubTexture name="green cremation reveal0008" x="782" y="1256" width="245" height="286"/>
	<SubTexture name="green cremation reveal0009" x="3574" y="1257" width="245" height="286"/>
	<SubTexture name="green cremation reveal0010" x="3834" y="1257" width="245" height="286"/>
	<SubTexture name="green cremation reveal0011" x="3247" y="1509" width="245" height="286"/>
	<SubTexture name="green cremation reveal0012" x="2975" y="1510" width="245" height="286"/>
	<SubTexture name="green cremation reveal0013" x="0" y="1545" width="245" height="286"/>
	<SubTexture name="green cremation reveal0014" x="2455" y="1546" width="245" height="286"/>
	<SubTexture name="green cremation reveal0015" x="1562" y="1547" width="245" height="286"/>
	<SubTexture name="green cremation reveal0016" x="2145" y="1547" width="245" height="286"/>
	<SubTexture name="green cremation reveal0017" x="2715" y="1553" width="245" height="286"/>
	<SubTexture name="green cremation reveal0018" x="1822" y="1554" width="245" height="286"/>
	<SubTexture name="green cremation reveal0019" x="1822" y="1554" width="245" height="286"/>
	<SubTexture name="green crewmate happy0000" x="1822" y="1554" width="245" height="286" frameX="0" frameY="-5" frameWidth="245" frameHeight="286"/>
	<SubTexture name="green crewmate happy0001" x="1042" y="1556" width="245" height="285" frameX="0" frameY="-4" frameWidth="245" frameHeight="294"/>
	<SubTexture name="green crewmate happy0002" x="1302" y="1556" width="245" height="285" frameX="0" frameY="-2" frameWidth="245" frameHeight="294"/>
	<SubTexture name="green crewmate happy0003" x="260" y="1557" width="245" height="285" frameX="0" frameY="-1" frameWidth="245" frameHeight="294"/>
	<SubTexture name="green crewmate happy0004" x="520" y="1557" width="245" height="285" frameX="0" frameY="0" frameWidth="245" frameHeight="294"/>
	<SubTexture name="green crewmate happy0005" x="780" y="1557" width="245" height="285" frameX="0" frameY="0" frameWidth="245" frameHeight="294"/>
	<SubTexture name="green crewmate happy0006" x="3507" y="1558" width="245" height="285" frameX="0" frameY="-1" frameWidth="245" frameHeight="294"/>
	<SubTexture name="green crewmate happy0007" x="3767" y="1558" width="245" height="285" frameX="0" frameY="-3" frameWidth="245" frameHeight="294"/>
	<SubTexture name="green crewmate happy0008" x="3235" y="1810" width="245" height="285" frameX="0" frameY="-5" frameWidth="245" frameHeight="294"/>
	<SubTexture name="green crewmate happy0009" x="2195" y="1245" width="245" height="287" frameX="0" frameY="-7" frameWidth="245" frameHeight="294"/>
	<SubTexture name="green crewmate nervous0000" x="2405" y="1847" width="243" height="285" frameX="-1" frameY="-4" frameWidth="245" frameHeight="292"/>
	<SubTexture name="green crewmate nervous0001" x="1562" y="1848" width="243" height="285" frameX="-1" frameY="-3" frameWidth="245" frameHeight="292"/>
	<SubTexture name="green crewmate nervous0002" x="2082" y="1848" width="243" height="285" frameX="-1" frameY="-1" frameWidth="245" frameHeight="292"/>
	<SubTexture name="green crewmate nervous0003" x="2663" y="1854" width="243" height="285" frameX="-1" frameY="-1" frameWidth="245" frameHeight="292"/>
	<SubTexture name="green crewmate nervous0004" x="1820" y="1855" width="243" height="285" frameX="-1" frameY="0" frameWidth="245" frameHeight="292"/>
	<SubTexture name="green crewmate nervous0005" x="259" y="1857" width="243" height="284" frameX="-1" frameY="0" frameWidth="245" frameHeight="292"/>
	<SubTexture name="green crewmate nervous0006" x="0" y="1846" width="244" height="285" frameX="0" frameY="0" frameWidth="245" frameHeight="292"/>
	<SubTexture name="green crewmate nervous0007" x="1040" y="1856" width="243" height="285" frameX="-1" frameY="-3" frameWidth="245" frameHeight="292"/>
	<SubTexture name="green crewmate nervous0008" x="1298" y="1856" width="243" height="285" frameX="-1" frameY="-4" frameWidth="245" frameHeight="292"/>
	<SubTexture name="green crewmate nervous0009" x="2975" y="1811" width="244" height="286" frameX="-1" frameY="-6" frameWidth="245" frameHeight="292"/>
	<SubTexture name="green crewmate smile0000" x="2075" y="645" width="241" height="293" frameX="0" frameY="-6" frameWidth="241" frameHeight="302"/>
	<SubTexture name="green crewmate smile0001" x="1159" y="647" width="241" height="293" frameX="0" frameY="-4" frameWidth="241" frameHeight="302"/>
	<SubTexture name="green crewmate smile0002" x="1415" y="647" width="241" height="293" frameX="0" frameY="-2" frameWidth="241" frameHeight="302"/>
	<SubTexture name="green crewmate smile0003" x="589" y="648" width="241" height="293" frameX="0" frameY="-1" frameWidth="241" frameHeight="302"/>
	<SubTexture name="green crewmate smile0004" x="845" y="648" width="241" height="293" frameX="0" frameY="0" frameWidth="241" frameHeight="302"/>
	<SubTexture name="green crewmate smile0005" x="3645" y="649" width="241" height="293" frameX="0" frameY="0" frameWidth="241" frameHeight="302"/>
	<SubTexture name="green crewmate smile0006" x="3383" y="901" width="241" height="293" frameX="0" frameY="-1" frameWidth="241" frameHeight="302"/>
	<SubTexture name="green crewmate smile0007" x="3056" y="902" width="241" height="293" frameX="0" frameY="-3" frameWidth="241" frameHeight="302"/>
	<SubTexture name="green crewmate smile0008" x="262" y="944" width="241" height="293" frameX="0" frameY="-5" frameWidth="241" frameHeight="302"/>
	<SubTexture name="green crewmate smile0009" x="2729" y="944" width="241" height="293" frameX="0" frameY="-9" frameWidth="241" frameHeight="302"/>
	<SubTexture name="green imposor evilous0000" x="2794" y="301" width="312" height="327" frameX="0" frameY="-5" frameWidth="312" frameHeight="334"/>
	<SubTexture name="green imposor evilous0001" x="0" y="302" width="312" height="327" frameX="0" frameY="-4" frameWidth="312" frameHeight="334"/>
	<SubTexture name="green imposor evilous0002" x="2467" y="301" width="312" height="328" frameX="0" frameY="-2" frameWidth="312" frameHeight="334"/>
	<SubTexture name="green imposor evilous0003" x="1813" y="301" width="312" height="329" frameX="0" frameY="-1" frameWidth="312" frameHeight="334"/>
	<SubTexture name="green imposor evilous0004" x="1159" y="301" width="312" height="331" frameX="0" frameY="0" frameWidth="312" frameHeight="334"/>
	<SubTexture name="green imposor evilous0005" x="3744" y="0" width="312" height="332" frameX="0" frameY="0" frameWidth="312" frameHeight="334"/>
	<SubTexture name="green imposor evilous0006" x="832" y="301" width="312" height="332" frameX="0" frameY="-1" frameWidth="312" frameHeight="334"/>
	<SubTexture name="green imposor evilous0007" x="1486" y="301" width="312" height="331" frameX="0" frameY="-3" frameWidth="312" frameHeight="334"/>
	<SubTexture name="green imposor evilous0008" x="2140" y="301" width="312" height="329" frameX="0" frameY="-5" frameWidth="312" frameHeight="334"/>
	<SubTexture name="green imposor evilous0009" x="327" y="302" width="312" height="326" frameX="0" frameY="-7" frameWidth="312" frameHeight="334"/>
	<SubTexture name="green impostor angry0000" x="3383" y="600" width="247" height="286" frameX="0" frameY="-4" frameWidth="247" frameHeight="291"/>
	<SubTexture name="green impostor angry0001" x="0" y="945" width="247" height="285" frameX="0" frameY="-3" frameWidth="247" frameHeight="291"/>
	<SubTexture name="green impostor angry0002" x="2331" y="945" width="247" height="285" frameX="0" frameY="-2" frameWidth="247" frameHeight="291"/>
	<SubTexture name="green impostor angry0003" x="327" y="643" width="247" height="286" frameX="0" frameY="-1" frameWidth="247" frameHeight="291"/>
	<SubTexture name="green impostor angry0004" x="2794" y="643" width="247" height="286" frameX="0" frameY="0" frameWidth="247" frameHeight="291"/>
	<SubTexture name="green impostor angry0005" x="0" y="644" width="247" height="286" frameX="0" frameY="0" frameWidth="247" frameHeight="291"/>
	<SubTexture name="green impostor angry0006" x="1671" y="946" width="247" height="285" frameX="0" frameY="0" frameWidth="247" frameHeight="291"/>
	<SubTexture name="green impostor angry0007" x="1933" y="953" width="247" height="285" frameX="0" frameY="-2" frameWidth="247" frameHeight="291"/>
	<SubTexture name="green impostor angry0008" x="2467" y="644" width="247" height="286" frameX="0" frameY="-2" frameWidth="247" frameHeight="291"/>
	<SubTexture name="green impostor angry0009" x="3744" y="347" width="247" height="287" frameX="0" frameY="-4" frameWidth="247" frameHeight="291"/>
	<SubTexture name="green impoters neutral0000" x="0" y="0" width="401" height="287" frameX="0" frameY="-4" frameWidth="401" frameHeight="292"/>
	<SubTexture name="green impoters neutral0001" x="416" y="0" width="401" height="287" frameX="0" frameY="-3" frameWidth="401" frameHeight="292"/>
	<SubTexture name="green impoters neutral0002" x="832" y="0" width="401" height="286" frameX="0" frameY="-2" frameWidth="401" frameHeight="292"/>
	<SubTexture name="green impoters neutral0003" x="1248" y="0" width="401" height="286" frameX="0" frameY="-1" frameWidth="401" frameHeight="292"/>
	<SubTexture name="green impoters neutral0004" x="1664" y="0" width="401" height="286" frameX="0" frameY="0" frameWidth="401" frameHeight="292"/>
	<SubTexture name="green impoters neutral0005" x="3328" y="0" width="401" height="285" frameX="0" frameY="0" frameWidth="401" frameHeight="292"/>
	<SubTexture name="green impoters neutral0006" x="3328" y="300" width="401" height="285" frameX="0" frameY="-1" frameWidth="401" frameHeight="292"/>
	<SubTexture name="green impoters neutral0007" x="2080" y="0" width="401" height="286" frameX="0" frameY="-2" frameWidth="401" frameHeight="292"/>
	<SubTexture name="green impoters neutral0008" x="2496" y="0" width="401" height="286" frameX="0" frameY="-3" frameWidth="401" frameHeight="292"/>
	<SubTexture name="green impoters neutral0009" x="2912" y="0" width="401" height="286" frameX="0" frameY="-6" frameWidth="401" frameHeight="292"/>
	<SubTexture name="greenimportor happy0000" x="1813" y="645" width="247" height="286" frameX="0" frameY="-5" frameWidth="247" frameHeight="294"/>
	<SubTexture name="greenimportor happy0001" x="1101" y="955" width="247" height="285" frameX="0" frameY="-4" frameWidth="247" frameHeight="294"/>
	<SubTexture name="greenimportor happy0002" x="1363" y="955" width="247" height="285" frameX="0" frameY="-2" frameWidth="247" frameHeight="294"/>
	<SubTexture name="greenimportor happy0003" x="518" y="956" width="247" height="285" frameX="0" frameY="-1" frameWidth="247" frameHeight="294"/>
	<SubTexture name="greenimportor happy0004" x="780" y="956" width="247" height="285" frameX="0" frameY="0" frameWidth="247" frameHeight="294"/>
	<SubTexture name="greenimportor happy0005" x="3639" y="957" width="247" height="285" frameX="0" frameY="0" frameWidth="247" frameHeight="294"/>
	<SubTexture name="greenimportor happy0006" x="3312" y="1209" width="247" height="285" frameX="0" frameY="-1" frameWidth="247" frameHeight="294"/>
	<SubTexture name="greenimportor happy0007" x="2985" y="1210" width="247" height="285" frameX="0" frameY="-3" frameWidth="247" frameHeight="294"/>
	<SubTexture name="greenimportor happy0008" x="0" y="1245" width="247" height="285" frameX="0" frameY="-5" frameWidth="247" frameHeight="294"/>
	<SubTexture name="greenimportor happy0009" x="3121" y="600" width="247" height="287" frameX="0" frameY="-7" frameWidth="247" frameHeight="294"/>
</TextureAtlas>
