{
	"position": [
		190,
		120
	],
	"dialogue_pos": "left",
	"scale": 1.45,
	"image": "greenImpostor",
	"animations": [
		{
			"idle_offsets": [
				-51,
				-1
			],
			"loop_offsets": [
				-51,
				0
			],
			"anim": "talk",
			"idle_name": "greenimportor happy0",
			"loop_name": "greenimportor happy"
		},
		{
			"idle_offsets": [
				-66,
				2
			],
			"anim": "excited",
			"loop_offsets": [
				-65,
				0
			],
			"idle_name": "green cremation reveal0",
			"loop_name": "green cremation reveal"
		},
		{
			"idle_offsets": [
				0,
				0
			],
			"anim": "pissed",
			"loop_offsets": [
				0,
				1
			],
			"idle_name": "green imposor evilous0",
			"loop_name": "green imposor evilous"
		},
		{
			"idle_offsets": [
				-66,
				9
			],
			"anim": "shocked",
			"loop_offsets": [
				-64,
				10
			],
			"idle_name": "green impostor angry0",
			"loop_name": "green impostor angry"
		}
	]
}