{
	"dialogue_pos": "left",
	"position": [
		190,
		120
	],
	"scale": 1.45,
	"animations": [
		{
			"anim": "talk",
			"loop_offsets": [
				0,
				0
			],
			"idle_offsets": [
				-1,
				-11
			],
			"loop_name": "impostor neutral",
			"idle_name": "impostor neutral0"
		},
		{
			"loop_offsets": [
				5,
				0
			],
			"anim": "excited",
			"idle_offsets": [
				4,
				-8
			],
			"loop_name": "impostor happy",
			"idle_name": "impostor happy0"
		},
		{
			"loop_offsets": [
				0,
				0
			],
			"anim": "pissed",
			"idle_offsets": [
				0,
				0
			],
			"loop_name": "impostor mad",
			"idle_name": "impostor mad0"
		},
		{
			"loop_offsets": [
				-4,
				0
			],
			"anim": "shocked",
			"idle_offsets": [
				-6,
				-11
			],
			"loop_name": "impostor shocked",
			"idle_name": "impostor shocked0"
		}
	],
	"image": "redImpostor"
}