﻿<?xml version="1.0" encoding="utf-8"?>
<TextureAtlas imagePath="redImpostor.png">
	<!-- Created with Adobe Animate version 21.0.7.42652 -->
	<!-- http://www.adobe.com/products/animate.html -->
	<SubTexture name="impostor mad0000" x="0" y="1585" width="267" height="286" frameX="0" frameY="-6" frameWidth="268" frameHeight="295"/>
	<SubTexture name="impostor mad0001" x="2615" y="1832" width="267" height="286" frameX="0" frameY="-4" frameWidth="268" frameHeight="295"/>
	<SubTexture name="impostor mad0002" x="1249" y="1845" width="263" height="286" frameX="0" frameY="-2" frameWidth="268" frameHeight="295"/>
	<SubTexture name="impostor mad0003" x="2215" y="1842" width="265" height="286" frameX="0" frameY="-1" frameWidth="268" frameHeight="295"/>
	<SubTexture name="impostor mad0004" x="3492" y="1557" width="268" height="286" frameX="0" frameY="0" frameWidth="268" frameHeight="295"/>
	<SubTexture name="impostor mad0005" x="3775" y="1557" width="268" height="286" frameX="0" frameY="-1" frameWidth="268" frameHeight="295"/>
	<SubTexture name="impostor mad0006" x="966" y="1576" width="268" height="286" frameX="0" frameY="-3" frameWidth="268" frameHeight="295"/>
	<SubTexture name="impostor mad0007" x="439" y="1582" width="268" height="286" frameX="0" frameY="-6" frameWidth="268" frameHeight="295"/>
	<SubTexture name="impostor mad0008" x="1933" y="1842" width="267" height="286" frameX="0" frameY="-9" frameWidth="268" frameHeight="295"/>
	<SubTexture name="impostor neutral0000" x="3155" y="1858" width="243" height="286" frameX="0" frameY="-5" frameWidth="243" frameHeight="293"/>
	<SubTexture name="impostor neutral0001" x="3413" y="1858" width="243" height="286" frameX="0" frameY="-4" frameWidth="243" frameHeight="293"/>
	<SubTexture name="impostor neutral0002" x="3671" y="1858" width="243" height="286" frameX="0" frameY="-3" frameWidth="243" frameHeight="293"/>
	<SubTexture name="impostor neutral0003" x="722" y="1877" width="243" height="286" frameX="0" frameY="-1" frameWidth="243" frameHeight="293"/>
	<SubTexture name="impostor neutral0004" x="980" y="1877" width="243" height="286" frameX="0" frameY="0" frameWidth="243" frameHeight="293"/>
	<SubTexture name="impostor neutral0005" x="282" y="1883" width="243" height="286" frameX="0" frameY="0" frameWidth="243" frameHeight="293"/>
	<SubTexture name="impostor neutral0006" x="0" y="1886" width="243" height="286" frameX="0" frameY="-1" frameWidth="243" frameHeight="293"/>
	<SubTexture name="impostor neutral0007" x="2495" y="2133" width="243" height="286" frameX="0" frameY="-4" frameWidth="243" frameHeight="293"/>
	<SubTexture name="impostor neutral0008" x="1527" y="1845" width="243" height="287" frameX="0" frameY="-6" frameWidth="243" frameHeight="293"/>
	<SubTexture name="impostor shocked0000" x="527" y="1281" width="424" height="286" frameX="-1" frameY="-1" frameWidth="427" frameHeight="288"/>
	<SubTexture name="impostor shocked0001" x="0" y="1284" width="424" height="286" frameX="0" frameY="0" frameWidth="427" frameHeight="288"/>
	<SubTexture name="impostor shocked0002" x="2616" y="1531" width="424" height="286" frameX="-1" frameY="-2" frameWidth="427" frameHeight="288"/>
	<SubTexture name="impostor shocked0003" x="2797" y="1230" width="426" height="286" frameX="0" frameY="-1" frameWidth="427" frameHeight="288"/>
	<SubTexture name="impostor shocked0004" x="2176" y="1240" width="425" height="286" frameX="0" frameY="0" frameWidth="427" frameHeight="288"/>
	<SubTexture name="impostor shocked0005" x="2176" y="1541" width="424" height="286" frameX="-1" frameY="0" frameWidth="427" frameHeight="288"/>
	<SubTexture name="impostor shocked0006" x="1054" y="1275" width="425" height="286" frameX="-2" frameY="-2" frameWidth="427" frameHeight="288"/>
	<SubTexture name="impostor shocked0007" x="1494" y="1544" width="424" height="286" frameX="0" frameY="-1" frameWidth="427" frameHeight="288"/>
	<SubTexture name="impostor shocked0008" x="3055" y="1557" width="422" height="286" frameX="-2" frameY="-1" frameWidth="427" frameHeight="288"/>
	<SubTexture name="impostor happy0000" x="1785" y="2143" width="243" height="286" frameX="0" frameY="-4" frameWidth="243" frameHeight="292"/>
	<SubTexture name="impostor happy0001" x="2043" y="2143" width="243" height="286" frameX="0" frameY="-2" frameWidth="243" frameHeight="292"/>
	<SubTexture name="impostor happy0002" x="1238" y="2146" width="243" height="286" frameX="0" frameY="-1" frameWidth="243" frameHeight="292"/>
	<SubTexture name="impostor happy0003" x="1496" y="2147" width="243" height="286" frameX="0" frameY="0" frameWidth="243" frameHeight="292"/>
	<SubTexture name="impostor happy0004" x="3155" y="2159" width="243" height="286" frameX="0" frameY="0" frameWidth="243" frameHeight="292"/>
	<SubTexture name="impostor happy0005" x="3413" y="2159" width="243" height="286" frameX="0" frameY="-1" frameWidth="243" frameHeight="292"/>
	<SubTexture name="impostor happy0006" x="3671" y="2159" width="243" height="286" frameX="0" frameY="-3" frameWidth="243" frameHeight="292"/>
	<SubTexture name="impostor happy0007" x="2753" y="2160" width="243" height="286" frameX="0" frameY="-4" frameWidth="243" frameHeight="292"/>
	<SubTexture name="impostor happy0008" x="2897" y="1858" width="243" height="287" frameX="0" frameY="-5" frameWidth="243" frameHeight="292"/>
	<SubTexture name="the amonguses0000" x="527" y="943" width="512" height="323" frameX="0" frameY="-78" frameWidth="512" frameHeight="402"/>
	<SubTexture name="the amonguses0001" x="3324" y="833" width="512" height="371" frameX="0" frameY="-30" frameWidth="512" frameHeight="402"/>
	<SubTexture name="the amonguses0002" x="0" y="536" width="512" height="395" frameX="0" frameY="-6" frameWidth="512" frameHeight="402"/>
	<SubTexture name="the amonguses0003" x="1189" y="495" width="512" height="400" frameX="0" frameY="-1" frameWidth="512" frameHeight="402"/>
	<SubTexture name="the amonguses0004" x="2270" y="0" width="512" height="401" frameX="0" frameY="0" frameWidth="512" frameHeight="402"/>
	<SubTexture name="the amonguses0005" x="2270" y="0" width="512" height="401" frameX="0" frameY="0" frameWidth="512" frameHeight="402"/>
	<SubTexture name="the amonguses0006" x="1716" y="840" width="512" height="351" frameX="0" frameY="-50" frameWidth="512" frameHeight="402"/>
	<SubTexture name="the amonguses0007" x="1716" y="840" width="512" height="351" frameX="0" frameY="-50" frameWidth="512" frameHeight="402"/>
	<SubTexture name="the amonguses0008" x="0" y="946" width="512" height="323" frameX="0" frameY="-79" frameWidth="512" frameHeight="402"/>
	<SubTexture name="the amonguses0009" x="1649" y="1206" width="512" height="323" frameX="0" frameY="-77" frameWidth="512" frameHeight="402"/>
	<SubTexture name="the amonguses0010" x="3324" y="1219" width="512" height="323" frameX="0" frameY="-78" frameWidth="512" frameHeight="402"/>
	<SubTexture name="the amonguses0011" x="3324" y="1219" width="512" height="323" frameX="0" frameY="-78" frameWidth="512" frameHeight="402"/>
	<SubTexture name="the amonguses0012" x="3324" y="1219" width="512" height="323" frameX="0" frameY="-78" frameWidth="512" frameHeight="402"/>
	<SubTexture name="the amonguses0013" x="3324" y="1219" width="512" height="323" frameX="0" frameY="-78" frameWidth="512" frameHeight="402"/>
	<SubTexture name="the amonguses0014" x="3324" y="1219" width="512" height="323" frameX="0" frameY="-78" frameWidth="512" frameHeight="402"/>
	<SubTexture name="the amonguses0015" x="3324" y="1219" width="512" height="323" frameX="0" frameY="-78" frameWidth="512" frameHeight="402"/>
	<SubTexture name="the amonguses0016" x="1122" y="910" width="512" height="350" frameX="0" frameY="-51" frameWidth="512" frameHeight="402"/>
	<SubTexture name="the amonguses0017" x="2797" y="833" width="512" height="382" frameX="0" frameY="-19" frameWidth="512" frameHeight="402"/>
	<SubTexture name="the amonguses0018" x="2797" y="833" width="512" height="382" frameX="0" frameY="-19" frameWidth="512" frameHeight="402"/>
	<SubTexture name="the amonguses0019" x="2797" y="0" width="512" height="401" frameX="0" frameY="0" frameWidth="512" frameHeight="402"/>
	<SubTexture name="the amonguses0020" x="3324" y="0" width="512" height="401" frameX="0" frameY="0" frameWidth="512" frameHeight="402"/>
	<SubTexture name="the amonguses0021" x="3324" y="0" width="512" height="401" frameX="0" frameY="0" frameWidth="512" frameHeight="402"/>
	<SubTexture name="the amonguses0022" x="595" y="532" width="512" height="396" frameX="0" frameY="-5" frameWidth="512" frameHeight="402"/>
	<SubTexture name="the amonguses0023" x="2270" y="833" width="512" height="392" frameX="0" frameY="-9" frameWidth="512" frameHeight="402"/>
	<SubTexture name="the amonguses0024" x="2270" y="833" width="512" height="392" frameX="0" frameY="-9" frameWidth="512" frameHeight="402"/>
	<SubTexture name="the amonguses0025" x="2270" y="833" width="512" height="392" frameX="0" frameY="-9" frameWidth="512" frameHeight="402"/>
	<SubTexture name="the amonguses0026" x="2270" y="833" width="512" height="392" frameX="0" frameY="-9" frameWidth="512" frameHeight="402"/>
	<SubTexture name="the amonguses0027" x="2270" y="833" width="512" height="392" frameX="0" frameY="-9" frameWidth="512" frameHeight="402"/>
	<SubTexture name="the amonguses0028" x="2270" y="833" width="512" height="392" frameX="0" frameY="-9" frameWidth="512" frameHeight="402"/>
	<SubTexture name="the amonguses0029" x="2270" y="833" width="512" height="392" frameX="0" frameY="-9" frameWidth="512" frameHeight="402"/>
	<SubTexture name="the amonguses mad0000" x="0" y="0" width="580" height="521"/>
	<SubTexture name="the amonguses mad0001" x="595" y="0" width="579" height="517" frameX="-1" frameY="0" frameWidth="580" frameHeight="521"/>
	<SubTexture name="the amonguses mad0002" x="1189" y="0" width="541" height="480" frameX="-39" frameY="0" frameWidth="580" frameHeight="521"/>
	<SubTexture name="the amonguses mad0003" x="1745" y="0" width="510" height="408" frameX="-70" frameY="0" frameWidth="580" frameHeight="521"/>
	<SubTexture name="the amonguses mad0004" x="2270" y="416" width="510" height="402" frameX="-70" frameY="0" frameWidth="580" frameHeight="521"/>
	<SubTexture name="the amonguses mad0005" x="2795" y="416" width="510" height="402" frameX="-70" frameY="0" frameWidth="580" frameHeight="521"/>
	<SubTexture name="the amonguses mad0006" x="3320" y="416" width="510" height="402" frameX="-70" frameY="0" frameWidth="580" frameHeight="521"/>
	<SubTexture name="the amonguses mad0007" x="1745" y="423" width="510" height="402" frameX="-70" frameY="0" frameWidth="580" frameHeight="521"/>
	<SubTexture name="the amonguses mad0008" x="1745" y="423" width="510" height="402" frameX="-70" frameY="0" frameWidth="580" frameHeight="521"/>
	<SubTexture name="the amonguses mad0009" x="1745" y="423" width="510" height="402" frameX="-70" frameY="0" frameWidth="580" frameHeight="521"/>
	<SubTexture name="the amonguses mad0010" x="1745" y="423" width="510" height="402" frameX="-70" frameY="0" frameWidth="580" frameHeight="521"/>
	<SubTexture name="the amonguses mad0011" x="1745" y="423" width="510" height="402" frameX="-70" frameY="0" frameWidth="580" frameHeight="521"/>
	<SubTexture name="the amonguses mad0012" x="1745" y="423" width="510" height="402" frameX="-70" frameY="0" frameWidth="580" frameHeight="521"/>
	<SubTexture name="the amonguses mad0013" x="1745" y="423" width="510" height="402" frameX="-70" frameY="0" frameWidth="580" frameHeight="521"/>
	<SubTexture name="the amonguses mad0014" x="1745" y="423" width="510" height="402" frameX="-70" frameY="0" frameWidth="580" frameHeight="521"/>
	<SubTexture name="the amonguses mad0015" x="1745" y="423" width="510" height="402" frameX="-70" frameY="0" frameWidth="580" frameHeight="521"/>
	<SubTexture name="the amonguses mad0016" x="1745" y="423" width="510" height="402" frameX="-70" frameY="0" frameWidth="580" frameHeight="521"/>
	<SubTexture name="the amonguses mad0017" x="1745" y="423" width="510" height="402" frameX="-70" frameY="0" frameWidth="580" frameHeight="521"/>
	<SubTexture name="the amonguses mad0018" x="1745" y="423" width="510" height="402" frameX="-70" frameY="0" frameWidth="580" frameHeight="521"/>
	<SubTexture name="the amonguses mad0019" x="1745" y="423" width="510" height="402" frameX="-70" frameY="0" frameWidth="580" frameHeight="521"/>
	<SubTexture name="the amonguses mad0020" x="1745" y="423" width="510" height="402" frameX="-70" frameY="0" frameWidth="580" frameHeight="521"/>
	<SubTexture name="the amonguses mad0021" x="1745" y="423" width="510" height="402" frameX="-70" frameY="0" frameWidth="580" frameHeight="521"/>
	<SubTexture name="the amonguses mad0022" x="1745" y="423" width="510" height="402" frameX="-70" frameY="0" frameWidth="580" frameHeight="521"/>
	<SubTexture name="the amonguses mad0023" x="1745" y="423" width="510" height="402" frameX="-70" frameY="0" frameWidth="580" frameHeight="521"/>
	<SubTexture name="the amonguses mad0024" x="1745" y="423" width="510" height="402" frameX="-70" frameY="0" frameWidth="580" frameHeight="521"/>
	<SubTexture name="the amonguses mad0025" x="1745" y="423" width="510" height="402" frameX="-70" frameY="0" frameWidth="580" frameHeight="521"/>
	<SubTexture name="the amonguses mad0026" x="1745" y="423" width="510" height="402" frameX="-70" frameY="0" frameWidth="580" frameHeight="521"/>
	<SubTexture name="the amonguses mad0027" x="1745" y="423" width="510" height="402" frameX="-70" frameY="0" frameWidth="580" frameHeight="521"/>
	<SubTexture name="the amonguses mad0028" x="1745" y="423" width="510" height="402" frameX="-70" frameY="0" frameWidth="580" frameHeight="521"/>
	<SubTexture name="the amonguses mad0029" x="1745" y="423" width="510" height="402" frameX="-70" frameY="0" frameWidth="580" frameHeight="521"/>
	<SubTexture name="the secret impostor0000" x="3851" y="0" width="245" height="286"/>
</TextureAtlas>
